{"inhalt": 27.6799999999848, "impulse_seit_reset": 29000, "gesamtverbrauch": 2.320000000001194, "gesamtimpulse": 29000}